good,nobles,clergy,burghers,laborers,peasants,soldiers,tribesmen
horses,0.15,0,0,0,0,0,0
coal,0.004,0.0025,0.0075,0.00002,0.00002,0.00002,0
goods_gold,0.04,0,0.006,0,0,0,0
silver,0.04,0,0.006,0,0,0,0
incense,0,0.015,0,0,0,0,0
tea,0.22,0.01,0.03,0,0,0,0
cocoa,0.15,0.01,0.03,0,0,0,0
coffee,0.022,0.0015,0.006,0,0,0.00025,0
ivory,0.075,0,0.006,0,0,0,0
lumber,0.002,0.0012,0.00375,0.00006,0.00006,0.00006,0
salt,0.06,0.012,0.036,0,0,0,0
medicaments,0.003,0.001,0.0018,0.0001,0.0001,0.0001,0
gems,0.075,0,0.009,0,0,0,0
pearls,0.075,0,0.009,0,0,0,0
amber,0.15,0,0.015,0,0,0,0
wine,0.009,0.004,0.012,0.00005,0.00005,0.00005,0
elephants,0.15,0,0,0,0,0,0
marble,0.06,0,0.003,0,0,0,0
mercury,0.00008,0.00005,0.00015,0.00001,0.00001,0.00001,0
saffron,0.06,0.005,0.006,0,0,0,0
pepper,0.075,0.005,0.0075,0,0,0,0
cloves,0.075,0.005,0.0075,0,0,0,0
chili,0.075,0.005,0.0075,0,0,0,0
sugar,0.06,0.005,0.015,0,0,0,0
tobacco,0.075,0.005,0.015,0,0,0,0
porcelain,0.03,0.0015,0.0045,0,0,0,0
firearms,0.18,0,0,0,0,0.00025,0
weaponry,0.15,0,0,0.00006,0.00006,0.0005,0
glass,0.015,0,0.015,0,0,0,0
cloth,0.075,0.02,0.03,0.00004,0.00002,0.00005,0
fine_cloth,0.1,0.008,0.025,0,0,0,0
liquor,0.012,0.004,0.012,0.00005,0.00005,0.0001,0
beer,0.024,0.008,0.024,0.0001,0.0001,0.00025,0
paper,0.015,0.04,0.06,0,0,0,0
books,0.015,0.01,0.06,0,0,0,0
jewelry,0.16,0,0.024,0,0,0,0
leather,0.015,0,0,0,0,0,0
tools,0,0,0,0.00025,0,0,0
masonry,0.000025,0.000015,0.000055,0.000005,0.00001,0.000005,0
lacquerware,0.06,0,0.03,0,0,0,0
pottery,0.003,0.002,0.0072,0.00035,0.0003,0.0003,0
furniture,0.03,0.01,0.03,0.00005,0.00005,0.00005,0
wild_game,0.045,0.002,0.006,0.00005,0.00005,0.00005,0
fur,0.15,0.01,0.03,0,0,0,0
fish,0.009,0.003,0.009,0.0002,0.0002,0.0002,0
wheat,0.004,0.0025,0.0075,0.00015,0.00015,0.00015,0
maize,0.012,0.008,0.024,0.001,0.001,0.001,0
rice,0.0015,0.001,0.003,0.00012,0.00012,0.00012,0
millet,0.006,0.004,0.012,0.00025,0.00025,0.00025,0
legumes,0.003,0.002,0.006,0.0002,0.0002,0.0002,0
potato,0.0015,0.001,0,0.00015,0.00015,0.00015,0
livestock,0.045,0.01,0.03,0.00015,0.00015,0.00015,0
olives,0.003,0.002,0.006,0.00025,0.00025,0.00025,0
fruit,0.03,0.006,0.018,0.0003,0.0003,0.0003,0
beeswax,0.003,0.002,0.006,0.00012,0.00012,0.00012,0
