workshop_id,mod_name,good,price,nobles,clergy,burghers,laborers,peasants,soldiers,tribesmen,slaves,wealth_all,development_threshold,continent_modifiers,sub_continent_modifiers
3785316314,Just Goods,aromatics,3,0.05,0.02,0.02,0,0,0,0,0,1.1,10,,middle_east=1.25
3785316314,Just Goods,bells,3,0.025,0.00625,0.00625,0,0,0,0,0,1.1,20,,
3785316314,Just Goods,brassware,3,0.1,0.025,0.025,0,0,0,0,0,1.1,20,,
3785316314,Just Goods,candles,2.5,0.015,0.0225,0.01125,0.00084,0.00055,0.000125,0,0.00023,0.5,10,,
3785316314,Just Goods,cardamom,4,0.05,0.005,0.0025,0,0,0,0,0,1.1,,,
3785316314,Just Goods,cheese,2.5,0.045,0.045,0.025,0.0015,0.001,0.002,0,0,0.75,,,
3785316314,Just Goods,cinnamon,5,0.05,0.005,0.0025,0,0,0,0,0,1.1,,,
3785316314,Just Goods,clocks,6,0.1,0.005,0.005,0,0,0,0,0,1.1,30,,
3785316314,Just Goods,cosmetics,4,0.1,0,0.005,0,0,0,0,0,1.1,20,,
3785316314,Just Goods,ginger,3,0.05,0.005,0.002,0.0001,0.0001,0.0001,0,0,1.1,,,
3785316314,Just Goods,meat,2,0.045,0.045,0.025,0.0015,0.001,0.002,0,0.0005,0.75,,,
3785316314,Just Goods,mirrors,6,0.1,0.005,0.005,0,0,0,0,0,1.1,30,,
3785316314,Just Goods,nutmeg,7,0.05,0.005,0.0025,0,0,0,0,0,1.1,,,
3785316314,Just Goods,optics,6,0.1,0.005,0.005,0,0,0,0,0,1.1,30,,
3785316314,Just Goods,ornaments,4,0.05,0.0125,0.0125,0,0,0,0,0,1.1,20,,
3785316314,Just Goods,palmoil,1.5,0.009,0.009,0.009,0.00066,0.00045,0.0009,0,0.00023,0.75,,europe=0.2;asia=0;america=0.2;oceania=0.2,north_africa=0.1;southern_africa=0.1;east_africa=0.1
3785316314,Just Goods,perfume,4,0.1,0,0.005,0,0,0,0,0,1.1,20,,
3785316314,Just Goods,pewterware,2.5,0.03,0.03,0.015,0.001,0.0008,0.0015,0,0,1,20,,
3785316314,Just Goods,precision_instruments,6,0.1,0,0.005,0,0,0,0,0,1.1,30,,
3785316314,Just Goods,silverware,5,0.1,0.005,0.005,0,0,0,0,0,1.2,20,,
3785316314,Just Goods,soap,3,0.045,0.045,0.025,0.0015,0.001,0.002,0,0,0.75,10,,south_east_asia=0.5;south_asia=0.5;east_asia=0.5
3785316314,Just Goods,star_anise,3,0.05,0.005,0.0025,0,0,0,0,0,1.1,,,
3785316314,Just Goods,tallow,2,0.009,0.009,0.009,0.00066,0.00045,0.0009,0,0.00023,0.5,,,
3785316314,Just Goods,turmeric,3,0.05,0.005,0.002,0.0001,0.0001,0.0001,0,0,1.1,,,
3785316314,Just Goods,vanilla,7,0.05,0.005,0.0025,0,0,0,0,0,1.1,,,
3785316314,Just Goods,whaleoil,1.5,0.009,0.009,0.009,0.00066,0.00045,0.0009,0,0.00023,0.75,20,asia=0.25;oceania=0.5;africa=0.1,
